Year,SEX,AREA,Value
2006,Male,Palestine,2620.3
2007,Male,Palestine,2620.3
2008,Male,Palestine,2620.3
2009,Male,Palestine,2620.3
2010,Male,Palestine,2620.3
2011,Male,Palestine,2620.3
2012,Male,Palestine,2620.3
2013,Male,Palestine,2620.3
2014,Male,Palestine,2620.3
2015,Male,Palestine,2620.3
2016,Male,Palestine,2620.3
2017,Male,Palestine,2620.3
2018,Male,Palestine,2620.3
2006,Male,Jenin,3226.3
2007,Male,Jenin,3226.3
2008,Male,Jenin,3226.3
2009,Male,Jenin,3226.3
2010,Male,Jenin,3226.3
2011,Male,Jenin,3226.3
2012,Male,Jenin,3226.3
2013,Male,Jenin,3226.3
2014,Male,Jenin,3226.3
2015,Male,Jenin,3226.3
2016,Male,Jenin,3226.3
2017,Male,Jenin,3226.3
2018,Male,Jenin,3226.3
2006,Male,Tubas & Northern Valleys,4614.9
2007,Male,Tubas & Northern Valleys,4614.9
2008,Male,Tubas & Northern Valleys,4614.9
2009,Male,Tubas & Northern Valleys,4614.9
2010,Male,Tubas & Northern Valleys,4614.9
2011,Male,Tubas & Northern Valleys,4614.9
2012,Male,Tubas & Northern Valleys,4614.9
2013,Male,Tubas & Northern Valleys,4614.9
2014,Male,Tubas & Northern Valleys,4614.9
2015,Male,Tubas & Northern Valleys,4614.9
2016,Male,Tubas & Northern Valleys,4614.9
2017,Male,Tubas & Northern Valleys,4614.9
2018,Male,Tubas & Northern Valleys,4614.9
2006,Male,Tulkarm,4777.2
2007,Male,Tulkarm,4777.2
2008,Male,Tulkarm,4777.2
2009,Male,Tulkarm,4777.2
2010,Male,Tulkarm,4777.2
2011,Male,Tulkarm,4777.2
2012,Male,Tulkarm,4777.2
2013,Male,Tulkarm,4777.2
2014,Male,Tulkarm,4777.2
2015,Male,Tulkarm,4777.2
2016,Male,Tulkarm,4777.2
2017,Male,Tulkarm,4777.2
2018,Male,Tulkarm,4777.2
2006,Male,Nablus,
2007,Male,Nablus,
2008,Male,Nablus,
2009,Male,Nablus,
2010,Male,Nablus,
2011,Male,Nablus,
2012,Male,Nablus,
2013,Male,Nablus,
2014,Male,Nablus,
2015,Male,Nablus,
2016,Male,Nablus,
2017,Male,Nablus,
2018,Male,Nablus,
2006,Female,Palestine,2710.7
2007,Female,Palestine,2710.7
2008,Female,Palestine,2710.7
2009,Female,Palestine,2710.7
2010,Female,Palestine,2710.7
2011,Female,Palestine,2710.7
2012,Female,Palestine,2710.7
2013,Female,Palestine,2710.7
2014,Female,Palestine,2710.7
2015,Female,Palestine,2710.7
2016,Female,Palestine,2710.7
2017,Female,Palestine,2710.7
2018,Female,Palestine,2710.7
2006,Female,Jenin,3276.5
2007,Female,Jenin,3276.5
2008,Female,Jenin,3276.5
2009,Female,Jenin,3276.5
2010,Female,Jenin,3276.5
2011,Female,Jenin,3276.5
2012,Female,Jenin,3276.5
2013,Female,Jenin,3276.5
2014,Female,Jenin,3276.5
2015,Female,Jenin,3276.5
2016,Female,Jenin,3276.5
2017,Female,Jenin,3276.5
2018,Female,Jenin,3276.5
2006,Female,Tubas & Northern Valleys,3612.0
2007,Female,Tubas & Northern Valleys,3612.0
2008,Female,Tubas & Northern Valleys,3612.0
2009,Female,Tubas & Northern Valleys,3612.0
2010,Female,Tubas & Northern Valleys,3612.0
2011,Female,Tubas & Northern Valleys,3612.0
2012,Female,Tubas & Northern Valleys,3612.0
2013,Female,Tubas & Northern Valleys,3612.0
2014,Female,Tubas & Northern Valleys,3612.0
2015,Female,Tubas & Northern Valleys,3612.0
2016,Female,Tubas & Northern Valleys,3612.0
2017,Female,Tubas & Northern Valleys,3612.0
2018,Female,Tubas & Northern Valleys,3612.0
2006,Female,Tulkarm,4645.5
2007,Female,Tulkarm,4645.5
2008,Female,Tulkarm,4645.5
2009,Female,Tulkarm,4645.5
2010,Female,Tulkarm,4645.5
2011,Female,Tulkarm,4645.5
2012,Female,Tulkarm,4645.5
2013,Female,Tulkarm,4645.5
2014,Female,Tulkarm,4645.5
2015,Female,Tulkarm,4645.5
2016,Female,Tulkarm,4645.5
2017,Female,Tulkarm,4645.5
2018,Female,Tulkarm,4645.5
2006,Female,Nablus,
2007,Female,Nablus,
2008,Female,Nablus,
2009,Female,Nablus,
2010,Female,Nablus,
2011,Female,Nablus,
2012,Female,Nablus,
2013,Female,Nablus,
2014,Female,Nablus,
2015,Female,Nablus,
2016,Female,Nablus,
2017,Female,Nablus,
2018,Female,Nablus,
2006,,Palestine,2739.9
2007,,Palestine,2710.7
2008,,Palestine,2620.3
2009,,Palestine,3026.6
2010,,Palestine,3276.5
2011,,Palestine,3226.3
2012,,Palestine,3380.6
2013,,Palestine,3612.0
2014,,Palestine,4614.9
2015,,Palestine,4496.1
2016,,Palestine,4645.5
2017,,Palestine,4777.2
2018,,Palestine,4527.7
2006,,Jenin,3026.6
2007,,Jenin,3026.6
2008,,Jenin,3026.6
2009,,Jenin,3026.6
2010,,Jenin,3026.6
2011,,Jenin,3026.6
2012,,Jenin,3026.6
2013,,Jenin,3026.6
2014,,Jenin,3026.6
2015,,Jenin,3026.6
2016,,Jenin,3026.6
2017,,Jenin,3026.6
2018,,Jenin,3026.6
2006,,Tubas & Northern Valleys,3380.6
2007,,Tubas & Northern Valleys,3380.6
2008,,Tubas & Northern Valleys,3380.6
2009,,Tubas & Northern Valleys,3380.6
2010,,Tubas & Northern Valleys,3380.6
2011,,Tubas & Northern Valleys,3380.6
2012,,Tubas & Northern Valleys,3380.6
2013,,Tubas & Northern Valleys,3380.6
2014,,Tubas & Northern Valleys,3380.6
2015,,Tubas & Northern Valleys,3380.6
2016,,Tubas & Northern Valleys,3380.6
2017,,Tubas & Northern Valleys,3380.6
2018,,Tubas & Northern Valleys,3380.6
2006,,Tulkarm,4496.1
2007,,Tulkarm,4496.1
2008,,Tulkarm,4496.1
2009,,Tulkarm,4496.1
2010,,Tulkarm,4496.1
2011,,Tulkarm,4496.1
2012,,Tulkarm,4496.1
2013,,Tulkarm,4496.1
2014,,Tulkarm,4496.1
2015,,Tulkarm,4496.1
2016,,Tulkarm,4496.1
2017,,Tulkarm,4496.1
2018,,Tulkarm,4496.1
2006,,Nablus,4527.7
2007,,Nablus,4527.7
2008,,Nablus,4527.7
2009,,Nablus,4527.7
2010,,Nablus,4527.7
2011,,Nablus,4527.7
2012,,Nablus,4527.7
2013,,Nablus,4527.7
2014,,Nablus,4527.7
2015,,Nablus,4527.7
2016,,Nablus,4527.7
2017,,Nablus,4527.7
2018,,Nablus,4527.7
