Year,Series,Value
2015,Existence of independent national human rights institutions in compliance with the Paris Principles (Yes=1; No=2) by TIME PERIOD,1
2016,Existence of independent national human rights institutions in compliance with the Paris Principles (Yes=1; No=2) by TIME PERIOD,1
2017,Existence of independent national human rights institutions in compliance with the Paris Principles (Yes=1; No=2) by TIME PERIOD,1
2018,Existence of independent national human rights institutions in compliance with the Paris Principles (Yes=1; No=2) by TIME PERIOD,1
2019,Existence of independent national human rights institutions in compliance with the Paris Principles (Yes=1; No=2) by TIME PERIOD,1
2020,Existence of independent national human rights institutions in compliance with the Paris Principles (Yes=1; No=2) by TIME PERIOD,1
