Year,Series,Value
2014,"Implementation of standard accounting tools to monitor the economic and environmental aspects of tourism sustainability, Tourism Satellite Account tables by TIME PERIOD",4
2016,"Implementation of standard accounting tools to monitor the economic and environmental aspects of tourism sustainability, Tourism Satellite Account tables by TIME PERIOD",4
2017,"Implementation of standard accounting tools to monitor the economic and environmental aspects of tourism sustainability, Tourism Satellite Account tables by TIME PERIOD",4
2018,"Implementation of standard accounting tools to monitor the economic and environmental aspects of tourism sustainability, Tourism Satellite Account tables by TIME PERIOD",4
2019,"Implementation of standard accounting tools to monitor the economic and environmental aspects of tourism sustainability, Tourism Satellite Account tables by TIME PERIOD",4
