Year,Series,Value
2014,Countries with national statistical plans with funding from Government (1 = YES; 0 = NO) by TIME PERIOD,1
2015,Countries with national statistical plans with funding from Government (1 = YES; 0 = NO) by TIME PERIOD,1
2016,Countries with national statistical plans with funding from Government (1 = YES; 0 = NO) by TIME PERIOD,1
2017,Countries with national statistical plans with funding from Government (1 = YES; 0 = NO) by TIME PERIOD,1
2018,Countries with national statistical plans with funding from Government (1 = YES; 0 = NO) by TIME PERIOD,1
