Year,URBANISATION,AREA,Series,Value
2010,,West Bank,"Proportion of population using safely managed drinking water services, by urban/rural (%) by URBANISATION, AREA and TIME PERIOD",90.1
2014,,West Bank,"Proportion of population using safely managed drinking water services, by urban/rural (%) by URBANISATION, AREA and TIME PERIOD",96.8
2017,,West Bank,"Proportion of population using safely managed drinking water services, by urban/rural (%) by URBANISATION, AREA and TIME PERIOD",94.7
2019,,West Bank,"Proportion of population using safely managed drinking water services, by urban/rural (%) by URBANISATION, AREA and TIME PERIOD",66.2
2010,,Gaza Strip,"Proportion of population using safely managed drinking water services, by urban/rural (%) by URBANISATION, AREA and TIME PERIOD",13.7
2014,,Gaza Strip,"Proportion of population using safely managed drinking water services, by urban/rural (%) by URBANISATION, AREA and TIME PERIOD",10.4
2017,,Gaza Strip,"Proportion of population using safely managed drinking water services, by urban/rural (%) by URBANISATION, AREA and TIME PERIOD",11.3
2019,,Gaza Strip,"Proportion of population using safely managed drinking water services, by urban/rural (%) by URBANISATION, AREA and TIME PERIOD",4.3
2010,,Palestine,"Proportion of population using safely managed drinking water services, by urban/rural (%) by URBANISATION, AREA and TIME PERIOD",61.9
2014,,Palestine,"Proportion of population using safely managed drinking water services, by urban/rural (%) by URBANISATION, AREA and TIME PERIOD",61.5
2017,,Palestine,"Proportion of population using safely managed drinking water services, by urban/rural (%) by URBANISATION, AREA and TIME PERIOD",59.1
2019,,Palestine,"Proportion of population using safely managed drinking water services, by urban/rural (%) by URBANISATION, AREA and TIME PERIOD",39.5
2010,,Jenin,"Proportion of population using safely managed drinking water services, by urban/rural (%) by URBANISATION, AREA and TIME PERIOD",70.4
2014,,Jenin,"Proportion of population using safely managed drinking water services, by urban/rural (%) by URBANISATION, AREA and TIME PERIOD",87.3
2017,,Jenin,"Proportion of population using safely managed drinking water services, by urban/rural (%) by URBANISATION, AREA and TIME PERIOD",90.7
2019,,Jenin,"Proportion of population using safely managed drinking water services, by urban/rural (%) by URBANISATION, AREA and TIME PERIOD",
2010,,Tubas & Northern Valleys,"Proportion of population using safely managed drinking water services, by urban/rural (%) by URBANISATION, AREA and TIME PERIOD",59.1
2014,,Tubas & Northern Valleys,"Proportion of population using safely managed drinking water services, by urban/rural (%) by URBANISATION, AREA and TIME PERIOD",100.0
2017,,Tubas & Northern Valleys,"Proportion of population using safely managed drinking water services, by urban/rural (%) by URBANISATION, AREA and TIME PERIOD",97.6
2019,,Tubas & Northern Valleys,"Proportion of population using safely managed drinking water services, by urban/rural (%) by URBANISATION, AREA and TIME PERIOD",
2010,,Tulkarm,"Proportion of population using safely managed drinking water services, by urban/rural (%) by URBANISATION, AREA and TIME PERIOD",99.7
2014,,Tulkarm,"Proportion of population using safely managed drinking water services, by urban/rural (%) by URBANISATION, AREA and TIME PERIOD",99.5
2017,,Tulkarm,"Proportion of population using safely managed drinking water services, by urban/rural (%) by URBANISATION, AREA and TIME PERIOD",99.9
2019,,Tulkarm,"Proportion of population using safely managed drinking water services, by urban/rural (%) by URBANISATION, AREA and TIME PERIOD",
2010,,Nablus,"Proportion of population using safely managed drinking water services, by urban/rural (%) by URBANISATION, AREA and TIME PERIOD",94.1
2014,,Nablus,"Proportion of population using safely managed drinking water services, by urban/rural (%) by URBANISATION, AREA and TIME PERIOD",97.3
2017,,Nablus,"Proportion of population using safely managed drinking water services, by urban/rural (%) by URBANISATION, AREA and TIME PERIOD",97.9
2019,,Nablus,"Proportion of population using safely managed drinking water services, by urban/rural (%) by URBANISATION, AREA and TIME PERIOD",
2010,,Qalqiliya,"Proportion of population using safely managed drinking water services, by urban/rural (%) by URBANISATION, AREA and TIME PERIOD",99.5
2014,,Qalqiliya,"Proportion of population using safely managed drinking water services, by urban/rural (%) by URBANISATION, AREA and TIME PERIOD",100.0
2017,,Qalqiliya,"Proportion of population using safely managed drinking water services, by urban/rural (%) by URBANISATION, AREA and TIME PERIOD",99.8
2019,,Qalqiliya,"Proportion of population using safely managed drinking water services, by urban/rural (%) by URBANISATION, AREA and TIME PERIOD",
2010,,Salfit,"Proportion of population using safely managed drinking water services, by urban/rural (%) by URBANISATION, AREA and TIME PERIOD",100.0
2014,,Salfit,"Proportion of population using safely managed drinking water services, by urban/rural (%) by URBANISATION, AREA and TIME PERIOD",100.0
2017,,Salfit,"Proportion of population using safely managed drinking water services, by urban/rural (%) by URBANISATION, AREA and TIME PERIOD",99.9
2019,,Salfit,"Proportion of population using safely managed drinking water services, by urban/rural (%) by URBANISATION, AREA and TIME PERIOD",
2010,,Ramallah & Al-Bireh,"Proportion of population using safely managed drinking water services, by urban/rural (%) by URBANISATION, AREA and TIME PERIOD",96.9
2014,,Ramallah & Al-Bireh,"Proportion of population using safely managed drinking water services, by urban/rural (%) by URBANISATION, AREA and TIME PERIOD",98.7
2017,,Ramallah & Al-Bireh,"Proportion of population using safely managed drinking water services, by urban/rural (%) by URBANISATION, AREA and TIME PERIOD",99.1
2019,,Ramallah & Al-Bireh,"Proportion of population using safely managed drinking water services, by urban/rural (%) by URBANISATION, AREA and TIME PERIOD",
2010,,Jericho & AL Aghwar,"Proportion of population using safely managed drinking water services, by urban/rural (%) by URBANISATION, AREA and TIME PERIOD",90.0
2014,,Jericho & AL Aghwar,"Proportion of population using safely managed drinking water services, by urban/rural (%) by URBANISATION, AREA and TIME PERIOD",97.4
2017,,Jericho & AL Aghwar,"Proportion of population using safely managed drinking water services, by urban/rural (%) by URBANISATION, AREA and TIME PERIOD",94.3
2019,,Jericho & AL Aghwar,"Proportion of population using safely managed drinking water services, by urban/rural (%) by URBANISATION, AREA and TIME PERIOD",
2010,,Jerusalem,"Proportion of population using safely managed drinking water services, by urban/rural (%) by URBANISATION, AREA and TIME PERIOD",99.0
2014,,Jerusalem,"Proportion of population using safely managed drinking water services, by urban/rural (%) by URBANISATION, AREA and TIME PERIOD",99.8
2017,,Jerusalem,"Proportion of population using safely managed drinking water services, by urban/rural (%) by URBANISATION, AREA and TIME PERIOD",99.3
2019,,Jerusalem,"Proportion of population using safely managed drinking water services, by urban/rural (%) by URBANISATION, AREA and TIME PERIOD",
2010,,Bethlehem,"Proportion of population using safely managed drinking water services, by urban/rural (%) by URBANISATION, AREA and TIME PERIOD",97.8
2014,,Bethlehem,"Proportion of population using safely managed drinking water services, by urban/rural (%) by URBANISATION, AREA and TIME PERIOD",99.5
2017,,Bethlehem,"Proportion of population using safely managed drinking water services, by urban/rural (%) by URBANISATION, AREA and TIME PERIOD",99.0
2019,,Bethlehem,"Proportion of population using safely managed drinking water services, by urban/rural (%) by URBANISATION, AREA and TIME PERIOD",
2010,,Hebron,"Proportion of population using safely managed drinking water services, by urban/rural (%) by URBANISATION, AREA and TIME PERIOD",82.7
2014,,Hebron,"Proportion of population using safely managed drinking water services, by urban/rural (%) by URBANISATION, AREA and TIME PERIOD",95.7
2017,,Hebron,"Proportion of population using safely managed drinking water services, by urban/rural (%) by URBANISATION, AREA and TIME PERIOD",87.8
2019,,Hebron,"Proportion of population using safely managed drinking water services, by urban/rural (%) by URBANISATION, AREA and TIME PERIOD",
2010,,North Gaza,"Proportion of population using safely managed drinking water services, by urban/rural (%) by URBANISATION, AREA and TIME PERIOD",19.7
2014,,North Gaza,"Proportion of population using safely managed drinking water services, by urban/rural (%) by URBANISATION, AREA and TIME PERIOD",16.8
2017,,North Gaza,"Proportion of population using safely managed drinking water services, by urban/rural (%) by URBANISATION, AREA and TIME PERIOD",14.4
2019,,North Gaza,"Proportion of population using safely managed drinking water services, by urban/rural (%) by URBANISATION, AREA and TIME PERIOD",
2010,,Gaza,"Proportion of population using safely managed drinking water services, by urban/rural (%) by URBANISATION, AREA and TIME PERIOD",8.3
2014,,Gaza,"Proportion of population using safely managed drinking water services, by urban/rural (%) by URBANISATION, AREA and TIME PERIOD",3.9
2017,,Gaza,"Proportion of population using safely managed drinking water services, by urban/rural (%) by URBANISATION, AREA and TIME PERIOD",10.8
2019,,Gaza,"Proportion of population using safely managed drinking water services, by urban/rural (%) by URBANISATION, AREA and TIME PERIOD",
2010,,Dier Al-Balah,"Proportion of population using safely managed drinking water services, by urban/rural (%) by URBANISATION, AREA and TIME PERIOD",4.4
2014,,Dier Al-Balah,"Proportion of population using safely managed drinking water services, by urban/rural (%) by URBANISATION, AREA and TIME PERIOD",3.2
2017,,Dier Al-Balah,"Proportion of population using safely managed drinking water services, by urban/rural (%) by URBANISATION, AREA and TIME PERIOD",6.3
2019,,Dier Al-Balah,"Proportion of population using safely managed drinking water services, by urban/rural (%) by URBANISATION, AREA and TIME PERIOD",
2010,,Khan Yunis,"Proportion of population using safely managed drinking water services, by urban/rural (%) by URBANISATION, AREA and TIME PERIOD",20.5
2014,,Khan Yunis,"Proportion of population using safely managed drinking water services, by urban/rural (%) by URBANISATION, AREA and TIME PERIOD",20.8
2017,,Khan Yunis,"Proportion of population using safely managed drinking water services, by urban/rural (%) by URBANISATION, AREA and TIME PERIOD",14.2
2019,,Khan Yunis,"Proportion of population using safely managed drinking water services, by urban/rural (%) by URBANISATION, AREA and TIME PERIOD",
2010,,Rafah,"Proportion of population using safely managed drinking water services, by urban/rural (%) by URBANISATION, AREA and TIME PERIOD",18.8
2014,,Rafah,"Proportion of population using safely managed drinking water services, by urban/rural (%) by URBANISATION, AREA and TIME PERIOD",12.6
2017,,Rafah,"Proportion of population using safely managed drinking water services, by urban/rural (%) by URBANISATION, AREA and TIME PERIOD",8.9
2019,,Rafah,"Proportion of population using safely managed drinking water services, by urban/rural (%) by URBANISATION, AREA and TIME PERIOD",
2010,Urban,West Bank,"Proportion of population using safely managed drinking water services, by urban/rural (%) by URBANISATION, AREA and TIME PERIOD",
2014,Urban,West Bank,"Proportion of population using safely managed drinking water services, by urban/rural (%) by URBANISATION, AREA and TIME PERIOD",
2017,Urban,West Bank,"Proportion of population using safely managed drinking water services, by urban/rural (%) by URBANISATION, AREA and TIME PERIOD",
2019,Urban,West Bank,"Proportion of population using safely managed drinking water services, by urban/rural (%) by URBANISATION, AREA and TIME PERIOD",
2010,Urban,Gaza Strip,"Proportion of population using safely managed drinking water services, by urban/rural (%) by URBANISATION, AREA and TIME PERIOD",
2014,Urban,Gaza Strip,"Proportion of population using safely managed drinking water services, by urban/rural (%) by URBANISATION, AREA and TIME PERIOD",
2017,Urban,Gaza Strip,"Proportion of population using safely managed drinking water services, by urban/rural (%) by URBANISATION, AREA and TIME PERIOD",
2019,Urban,Gaza Strip,"Proportion of population using safely managed drinking water services, by urban/rural (%) by URBANISATION, AREA and TIME PERIOD",
2010,Urban,Palestine,"Proportion of population using safely managed drinking water services, by urban/rural (%) by URBANISATION, AREA and TIME PERIOD",59.6
2014,Urban,Palestine,"Proportion of population using safely managed drinking water services, by urban/rural (%) by URBANISATION, AREA and TIME PERIOD",58.1
2017,Urban,Palestine,"Proportion of population using safely managed drinking water services, by urban/rural (%) by URBANISATION, AREA and TIME PERIOD",54.1
2019,Urban,Palestine,"Proportion of population using safely managed drinking water services, by urban/rural (%) by URBANISATION, AREA and TIME PERIOD",35.5
2010,Urban,Jenin,"Proportion of population using safely managed drinking water services, by urban/rural (%) by URBANISATION, AREA and TIME PERIOD",
2014,Urban,Jenin,"Proportion of population using safely managed drinking water services, by urban/rural (%) by URBANISATION, AREA and TIME PERIOD",
2017,Urban,Jenin,"Proportion of population using safely managed drinking water services, by urban/rural (%) by URBANISATION, AREA and TIME PERIOD",
2019,Urban,Jenin,"Proportion of population using safely managed drinking water services, by urban/rural (%) by URBANISATION, AREA and TIME PERIOD",
2010,Urban,Tubas & Northern Valleys,"Proportion of population using safely managed drinking water services, by urban/rural (%) by URBANISATION, AREA and TIME PERIOD",
2014,Urban,Tubas & Northern Valleys,"Proportion of population using safely managed drinking water services, by urban/rural (%) by URBANISATION, AREA and TIME PERIOD",
2017,Urban,Tubas & Northern Valleys,"Proportion of population using safely managed drinking water services, by urban/rural (%) by URBANISATION, AREA and TIME PERIOD",
2019,Urban,Tubas & Northern Valleys,"Proportion of population using safely managed drinking water services, by urban/rural (%) by URBANISATION, AREA and TIME PERIOD",
2010,Urban,Tulkarm,"Proportion of population using safely managed drinking water services, by urban/rural (%) by URBANISATION, AREA and TIME PERIOD",
2014,Urban,Tulkarm,"Proportion of population using safely managed drinking water services, by urban/rural (%) by URBANISATION, AREA and TIME PERIOD",
2017,Urban,Tulkarm,"Proportion of population using safely managed drinking water services, by urban/rural (%) by URBANISATION, AREA and TIME PERIOD",
2019,Urban,Tulkarm,"Proportion of population using safely managed drinking water services, by urban/rural (%) by URBANISATION, AREA and TIME PERIOD",
2010,Urban,Nablus,"Proportion of population using safely managed drinking water services, by urban/rural (%) by URBANISATION, AREA and TIME PERIOD",
2014,Urban,Nablus,"Proportion of population using safely managed drinking water services, by urban/rural (%) by URBANISATION, AREA and TIME PERIOD",
2017,Urban,Nablus,"Proportion of population using safely managed drinking water services, by urban/rural (%) by URBANISATION, AREA and TIME PERIOD",
2019,Urban,Nablus,"Proportion of population using safely managed drinking water services, by urban/rural (%) by URBANISATION, AREA and TIME PERIOD",
2010,Urban,Qalqiliya,"Proportion of population using safely managed drinking water services, by urban/rural (%) by URBANISATION, AREA and TIME PERIOD",
2014,Urban,Qalqiliya,"Proportion of population using safely managed drinking water services, by urban/rural (%) by URBANISATION, AREA and TIME PERIOD",
2017,Urban,Qalqiliya,"Proportion of population using safely managed drinking water services, by urban/rural (%) by URBANISATION, AREA and TIME PERIOD",
2019,Urban,Qalqiliya,"Proportion of population using safely managed drinking water services, by urban/rural (%) by URBANISATION, AREA and TIME PERIOD",
2010,Urban,Salfit,"Proportion of population using safely managed drinking water services, by urban/rural (%) by URBANISATION, AREA and TIME PERIOD",
2014,Urban,Salfit,"Proportion of population using safely managed drinking water services, by urban/rural (%) by URBANISATION, AREA and TIME PERIOD",
2017,Urban,Salfit,"Proportion of population using safely managed drinking water services, by urban/rural (%) by URBANISATION, AREA and TIME PERIOD",
2019,Urban,Salfit,"Proportion of population using safely managed drinking water services, by urban/rural (%) by URBANISATION, AREA and TIME PERIOD",
2010,Urban,Ramallah & Al-Bireh,"Proportion of population using safely managed drinking water services, by urban/rural (%) by URBANISATION, AREA and TIME PERIOD",
2014,Urban,Ramallah & Al-Bireh,"Proportion of population using safely managed drinking water services, by urban/rural (%) by URBANISATION, AREA and TIME PERIOD",
2017,Urban,Ramallah & Al-Bireh,"Proportion of population using safely managed drinking water services, by urban/rural (%) by URBANISATION, AREA and TIME PERIOD",
2019,Urban,Ramallah & Al-Bireh,"Proportion of population using safely managed drinking water services, by urban/rural (%) by URBANISATION, AREA and TIME PERIOD",
2010,Urban,Jericho & AL Aghwar,"Proportion of population using safely managed drinking water services, by urban/rural (%) by URBANISATION, AREA and TIME PERIOD",
2014,Urban,Jericho & AL Aghwar,"Proportion of population using safely managed drinking water services, by urban/rural (%) by URBANISATION, AREA and TIME PERIOD",
2017,Urban,Jericho & AL Aghwar,"Proportion of population using safely managed drinking water services, by urban/rural (%) by URBANISATION, AREA and TIME PERIOD",
2019,Urban,Jericho & AL Aghwar,"Proportion of population using safely managed drinking water services, by urban/rural (%) by URBANISATION, AREA and TIME PERIOD",
2010,Urban,Jerusalem,"Proportion of population using safely managed drinking water services, by urban/rural (%) by URBANISATION, AREA and TIME PERIOD",
2014,Urban,Jerusalem,"Proportion of population using safely managed drinking water services, by urban/rural (%) by URBANISATION, AREA and TIME PERIOD",
2017,Urban,Jerusalem,"Proportion of population using safely managed drinking water services, by urban/rural (%) by URBANISATION, AREA and TIME PERIOD",
2019,Urban,Jerusalem,"Proportion of population using safely managed drinking water services, by urban/rural (%) by URBANISATION, AREA and TIME PERIOD",
2010,Urban,Bethlehem,"Proportion of population using safely managed drinking water services, by urban/rural (%) by URBANISATION, AREA and TIME PERIOD",
2014,Urban,Bethlehem,"Proportion of population using safely managed drinking water services, by urban/rural (%) by URBANISATION, AREA and TIME PERIOD",
2017,Urban,Bethlehem,"Proportion of population using safely managed drinking water services, by urban/rural (%) by URBANISATION, AREA and TIME PERIOD",
2019,Urban,Bethlehem,"Proportion of population using safely managed drinking water services, by urban/rural (%) by URBANISATION, AREA and TIME PERIOD",
2010,Urban,Hebron,"Proportion of population using safely managed drinking water services, by urban/rural (%) by URBANISATION, AREA and TIME PERIOD",
2014,Urban,Hebron,"Proportion of population using safely managed drinking water services, by urban/rural (%) by URBANISATION, AREA and TIME PERIOD",
2017,Urban,Hebron,"Proportion of population using safely managed drinking water services, by urban/rural (%) by URBANISATION, AREA and TIME PERIOD",
2019,Urban,Hebron,"Proportion of population using safely managed drinking water services, by urban/rural (%) by URBANISATION, AREA and TIME PERIOD",
2010,Urban,North Gaza,"Proportion of population using safely managed drinking water services, by urban/rural (%) by URBANISATION, AREA and TIME PERIOD",
2014,Urban,North Gaza,"Proportion of population using safely managed drinking water services, by urban/rural (%) by URBANISATION, AREA and TIME PERIOD",
2017,Urban,North Gaza,"Proportion of population using safely managed drinking water services, by urban/rural (%) by URBANISATION, AREA and TIME PERIOD",
2019,Urban,North Gaza,"Proportion of population using safely managed drinking water services, by urban/rural (%) by URBANISATION, AREA and TIME PERIOD",
2010,Urban,Gaza,"Proportion of population using safely managed drinking water services, by urban/rural (%) by URBANISATION, AREA and TIME PERIOD",
2014,Urban,Gaza,"Proportion of population using safely managed drinking water services, by urban/rural (%) by URBANISATION, AREA and TIME PERIOD",
2017,Urban,Gaza,"Proportion of population using safely managed drinking water services, by urban/rural (%) by URBANISATION, AREA and TIME PERIOD",
2019,Urban,Gaza,"Proportion of population using safely managed drinking water services, by urban/rural (%) by URBANISATION, AREA and TIME PERIOD",
2010,Urban,Dier Al-Balah,"Proportion of population using safely managed drinking water services, by urban/rural (%) by URBANISATION, AREA and TIME PERIOD",
2014,Urban,Dier Al-Balah,"Proportion of population using safely managed drinking water services, by urban/rural (%) by URBANISATION, AREA and TIME PERIOD",
2017,Urban,Dier Al-Balah,"Proportion of population using safely managed drinking water services, by urban/rural (%) by URBANISATION, AREA and TIME PERIOD",
2019,Urban,Dier Al-Balah,"Proportion of population using safely managed drinking water services, by urban/rural (%) by URBANISATION, AREA and TIME PERIOD",
2010,Urban,Khan Yunis,"Proportion of population using safely managed drinking water services, by urban/rural (%) by URBANISATION, AREA and TIME PERIOD",
2014,Urban,Khan Yunis,"Proportion of population using safely managed drinking water services, by urban/rural (%) by URBANISATION, AREA and TIME PERIOD",
2017,Urban,Khan Yunis,"Proportion of population using safely managed drinking water services, by urban/rural (%) by URBANISATION, AREA and TIME PERIOD",
2019,Urban,Khan Yunis,"Proportion of population using safely managed drinking water services, by urban/rural (%) by URBANISATION, AREA and TIME PERIOD",
2010,Urban,Rafah,"Proportion of population using safely managed drinking water services, by urban/rural (%) by URBANISATION, AREA and TIME PERIOD",
2014,Urban,Rafah,"Proportion of population using safely managed drinking water services, by urban/rural (%) by URBANISATION, AREA and TIME PERIOD",
2017,Urban,Rafah,"Proportion of population using safely managed drinking water services, by urban/rural (%) by URBANISATION, AREA and TIME PERIOD",
2019,Urban,Rafah,"Proportion of population using safely managed drinking water services, by urban/rural (%) by URBANISATION, AREA and TIME PERIOD",
2010,Rural,West Bank,"Proportion of population using safely managed drinking water services, by urban/rural (%) by URBANISATION, AREA and TIME PERIOD",
2014,Rural,West Bank,"Proportion of population using safely managed drinking water services, by urban/rural (%) by URBANISATION, AREA and TIME PERIOD",
2017,Rural,West Bank,"Proportion of population using safely managed drinking water services, by urban/rural (%) by URBANISATION, AREA and TIME PERIOD",
2019,Rural,West Bank,"Proportion of population using safely managed drinking water services, by urban/rural (%) by URBANISATION, AREA and TIME PERIOD",
2010,Rural,Gaza Strip,"Proportion of population using safely managed drinking water services, by urban/rural (%) by URBANISATION, AREA and TIME PERIOD",
2014,Rural,Gaza Strip,"Proportion of population using safely managed drinking water services, by urban/rural (%) by URBANISATION, AREA and TIME PERIOD",
2017,Rural,Gaza Strip,"Proportion of population using safely managed drinking water services, by urban/rural (%) by URBANISATION, AREA and TIME PERIOD",
2019,Rural,Gaza Strip,"Proportion of population using safely managed drinking water services, by urban/rural (%) by URBANISATION, AREA and TIME PERIOD",
2010,Rural,Palestine,"Proportion of population using safely managed drinking water services, by urban/rural (%) by URBANISATION, AREA and TIME PERIOD",79.6
2014,Rural,Palestine,"Proportion of population using safely managed drinking water services, by urban/rural (%) by URBANISATION, AREA and TIME PERIOD",86.9
2017,Rural,Palestine,"Proportion of population using safely managed drinking water services, by urban/rural (%) by URBANISATION, AREA and TIME PERIOD",93.6
2019,Rural,Palestine,"Proportion of population using safely managed drinking water services, by urban/rural (%) by URBANISATION, AREA and TIME PERIOD",67.1
2010,Rural,Jenin,"Proportion of population using safely managed drinking water services, by urban/rural (%) by URBANISATION, AREA and TIME PERIOD",
2014,Rural,Jenin,"Proportion of population using safely managed drinking water services, by urban/rural (%) by URBANISATION, AREA and TIME PERIOD",
2017,Rural,Jenin,"Proportion of population using safely managed drinking water services, by urban/rural (%) by URBANISATION, AREA and TIME PERIOD",
2019,Rural,Jenin,"Proportion of population using safely managed drinking water services, by urban/rural (%) by URBANISATION, AREA and TIME PERIOD",
2010,Rural,Tubas & Northern Valleys,"Proportion of population using safely managed drinking water services, by urban/rural (%) by URBANISATION, AREA and TIME PERIOD",
2014,Rural,Tubas & Northern Valleys,"Proportion of population using safely managed drinking water services, by urban/rural (%) by URBANISATION, AREA and TIME PERIOD",
2017,Rural,Tubas & Northern Valleys,"Proportion of population using safely managed drinking water services, by urban/rural (%) by URBANISATION, AREA and TIME PERIOD",
2019,Rural,Tubas & Northern Valleys,"Proportion of population using safely managed drinking water services, by urban/rural (%) by URBANISATION, AREA and TIME PERIOD",
2010,Rural,Tulkarm,"Proportion of population using safely managed drinking water services, by urban/rural (%) by URBANISATION, AREA and TIME PERIOD",
2014,Rural,Tulkarm,"Proportion of population using safely managed drinking water services, by urban/rural (%) by URBANISATION, AREA and TIME PERIOD",
2017,Rural,Tulkarm,"Proportion of population using safely managed drinking water services, by urban/rural (%) by URBANISATION, AREA and TIME PERIOD",
2019,Rural,Tulkarm,"Proportion of population using safely managed drinking water services, by urban/rural (%) by URBANISATION, AREA and TIME PERIOD",
2010,Rural,Nablus,"Proportion of population using safely managed drinking water services, by urban/rural (%) by URBANISATION, AREA and TIME PERIOD",
2014,Rural,Nablus,"Proportion of population using safely managed drinking water services, by urban/rural (%) by URBANISATION, AREA and TIME PERIOD",
2017,Rural,Nablus,"Proportion of population using safely managed drinking water services, by urban/rural (%) by URBANISATION, AREA and TIME PERIOD",
2019,Rural,Nablus,"Proportion of population using safely managed drinking water services, by urban/rural (%) by URBANISATION, AREA and TIME PERIOD",
2010,Rural,Qalqiliya,"Proportion of population using safely managed drinking water services, by urban/rural (%) by URBANISATION, AREA and TIME PERIOD",
2014,Rural,Qalqiliya,"Proportion of population using safely managed drinking water services, by urban/rural (%) by URBANISATION, AREA and TIME PERIOD",
2017,Rural,Qalqiliya,"Proportion of population using safely managed drinking water services, by urban/rural (%) by URBANISATION, AREA and TIME PERIOD",
2019,Rural,Qalqiliya,"Proportion of population using safely managed drinking water services, by urban/rural (%) by URBANISATION, AREA and TIME PERIOD",
2010,Rural,Salfit,"Proportion of population using safely managed drinking water services, by urban/rural (%) by URBANISATION, AREA and TIME PERIOD",
2014,Rural,Salfit,"Proportion of population using safely managed drinking water services, by urban/rural (%) by URBANISATION, AREA and TIME PERIOD",
2017,Rural,Salfit,"Proportion of population using safely managed drinking water services, by urban/rural (%) by URBANISATION, AREA and TIME PERIOD",
2019,Rural,Salfit,"Proportion of population using safely managed drinking water services, by urban/rural (%) by URBANISATION, AREA and TIME PERIOD",
2010,Rural,Ramallah & Al-Bireh,"Proportion of population using safely managed drinking water services, by urban/rural (%) by URBANISATION, AREA and TIME PERIOD",
2014,Rural,Ramallah & Al-Bireh,"Proportion of population using safely managed drinking water services, by urban/rural (%) by URBANISATION, AREA and TIME PERIOD",
2017,Rural,Ramallah & Al-Bireh,"Proportion of population using safely managed drinking water services, by urban/rural (%) by URBANISATION, AREA and TIME PERIOD",
2019,Rural,Ramallah & Al-Bireh,"Proportion of population using safely managed drinking water services, by urban/rural (%) by URBANISATION, AREA and TIME PERIOD",
2010,Rural,Jericho & AL Aghwar,"Proportion of population using safely managed drinking water services, by urban/rural (%) by URBANISATION, AREA and TIME PERIOD",
2014,Rural,Jericho & AL Aghwar,"Proportion of population using safely managed drinking water services, by urban/rural (%) by URBANISATION, AREA and TIME PERIOD",
2017,Rural,Jericho & AL Aghwar,"Proportion of population using safely managed drinking water services, by urban/rural (%) by URBANISATION, AREA and TIME PERIOD",
2019,Rural,Jericho & AL Aghwar,"Proportion of population using safely managed drinking water services, by urban/rural (%) by URBANISATION, AREA and TIME PERIOD",
2010,Rural,Jerusalem,"Proportion of population using safely managed drinking water services, by urban/rural (%) by URBANISATION, AREA and TIME PERIOD",
2014,Rural,Jerusalem,"Proportion of population using safely managed drinking water services, by urban/rural (%) by URBANISATION, AREA and TIME PERIOD",
2017,Rural,Jerusalem,"Proportion of population using safely managed drinking water services, by urban/rural (%) by URBANISATION, AREA and TIME PERIOD",
2019,Rural,Jerusalem,"Proportion of population using safely managed drinking water services, by urban/rural (%) by URBANISATION, AREA and TIME PERIOD",
2010,Rural,Bethlehem,"Proportion of population using safely managed drinking water services, by urban/rural (%) by URBANISATION, AREA and TIME PERIOD",
2014,Rural,Bethlehem,"Proportion of population using safely managed drinking water services, by urban/rural (%) by URBANISATION, AREA and TIME PERIOD",
2017,Rural,Bethlehem,"Proportion of population using safely managed drinking water services, by urban/rural (%) by URBANISATION, AREA and TIME PERIOD",
2019,Rural,Bethlehem,"Proportion of population using safely managed drinking water services, by urban/rural (%) by URBANISATION, AREA and TIME PERIOD",
2010,Rural,Hebron,"Proportion of population using safely managed drinking water services, by urban/rural (%) by URBANISATION, AREA and TIME PERIOD",
2014,Rural,Hebron,"Proportion of population using safely managed drinking water services, by urban/rural (%) by URBANISATION, AREA and TIME PERIOD",
2017,Rural,Hebron,"Proportion of population using safely managed drinking water services, by urban/rural (%) by URBANISATION, AREA and TIME PERIOD",
2019,Rural,Hebron,"Proportion of population using safely managed drinking water services, by urban/rural (%) by URBANISATION, AREA and TIME PERIOD",
2010,Rural,North Gaza,"Proportion of population using safely managed drinking water services, by urban/rural (%) by URBANISATION, AREA and TIME PERIOD",
2014,Rural,North Gaza,"Proportion of population using safely managed drinking water services, by urban/rural (%) by URBANISATION, AREA and TIME PERIOD",
2017,Rural,North Gaza,"Proportion of population using safely managed drinking water services, by urban/rural (%) by URBANISATION, AREA and TIME PERIOD",
2019,Rural,North Gaza,"Proportion of population using safely managed drinking water services, by urban/rural (%) by URBANISATION, AREA and TIME PERIOD",
2010,Rural,Gaza,"Proportion of population using safely managed drinking water services, by urban/rural (%) by URBANISATION, AREA and TIME PERIOD",
2014,Rural,Gaza,"Proportion of population using safely managed drinking water services, by urban/rural (%) by URBANISATION, AREA and TIME PERIOD",
2017,Rural,Gaza,"Proportion of population using safely managed drinking water services, by urban/rural (%) by URBANISATION, AREA and TIME PERIOD",
2019,Rural,Gaza,"Proportion of population using safely managed drinking water services, by urban/rural (%) by URBANISATION, AREA and TIME PERIOD",
2010,Rural,Dier Al-Balah,"Proportion of population using safely managed drinking water services, by urban/rural (%) by URBANISATION, AREA and TIME PERIOD",
2014,Rural,Dier Al-Balah,"Proportion of population using safely managed drinking water services, by urban/rural (%) by URBANISATION, AREA and TIME PERIOD",
2017,Rural,Dier Al-Balah,"Proportion of population using safely managed drinking water services, by urban/rural (%) by URBANISATION, AREA and TIME PERIOD",
2019,Rural,Dier Al-Balah,"Proportion of population using safely managed drinking water services, by urban/rural (%) by URBANISATION, AREA and TIME PERIOD",
2010,Rural,Khan Yunis,"Proportion of population using safely managed drinking water services, by urban/rural (%) by URBANISATION, AREA and TIME PERIOD",
2014,Rural,Khan Yunis,"Proportion of population using safely managed drinking water services, by urban/rural (%) by URBANISATION, AREA and TIME PERIOD",
2017,Rural,Khan Yunis,"Proportion of population using safely managed drinking water services, by urban/rural (%) by URBANISATION, AREA and TIME PERIOD",
2019,Rural,Khan Yunis,"Proportion of population using safely managed drinking water services, by urban/rural (%) by URBANISATION, AREA and TIME PERIOD",
2010,Rural,Rafah,"Proportion of population using safely managed drinking water services, by urban/rural (%) by URBANISATION, AREA and TIME PERIOD",
2014,Rural,Rafah,"Proportion of population using safely managed drinking water services, by urban/rural (%) by URBANISATION, AREA and TIME PERIOD",
2017,Rural,Rafah,"Proportion of population using safely managed drinking water services, by urban/rural (%) by URBANISATION, AREA and TIME PERIOD",
2019,Rural,Rafah,"Proportion of population using safely managed drinking water services, by urban/rural (%) by URBANISATION, AREA and TIME PERIOD",
2010,Camp,West Bank,"Proportion of population using safely managed drinking water services, by urban/rural (%) by URBANISATION, AREA and TIME PERIOD",
2014,Camp,West Bank,"Proportion of population using safely managed drinking water services, by urban/rural (%) by URBANISATION, AREA and TIME PERIOD",
2017,Camp,West Bank,"Proportion of population using safely managed drinking water services, by urban/rural (%) by URBANISATION, AREA and TIME PERIOD",
2019,Camp,West Bank,"Proportion of population using safely managed drinking water services, by urban/rural (%) by URBANISATION, AREA and TIME PERIOD",
2010,Camp,Gaza Strip,"Proportion of population using safely managed drinking water services, by urban/rural (%) by URBANISATION, AREA and TIME PERIOD",
2014,Camp,Gaza Strip,"Proportion of population using safely managed drinking water services, by urban/rural (%) by URBANISATION, AREA and TIME PERIOD",
2017,Camp,Gaza Strip,"Proportion of population using safely managed drinking water services, by urban/rural (%) by URBANISATION, AREA and TIME PERIOD",
2019,Camp,Gaza Strip,"Proportion of population using safely managed drinking water services, by urban/rural (%) by URBANISATION, AREA and TIME PERIOD",
2010,Camp,Palestine,"Proportion of population using safely managed drinking water services, by urban/rural (%) by URBANISATION, AREA and TIME PERIOD",47.1
2014,Camp,Palestine,"Proportion of population using safely managed drinking water services, by urban/rural (%) by URBANISATION, AREA and TIME PERIOD",42.3
2017,Camp,Palestine,"Proportion of population using safely managed drinking water services, by urban/rural (%) by URBANISATION, AREA and TIME PERIOD",40.9
2019,Camp,Palestine,"Proportion of population using safely managed drinking water services, by urban/rural (%) by URBANISATION, AREA and TIME PERIOD",25.2
2010,Camp,Jenin,"Proportion of population using safely managed drinking water services, by urban/rural (%) by URBANISATION, AREA and TIME PERIOD",
2014,Camp,Jenin,"Proportion of population using safely managed drinking water services, by urban/rural (%) by URBANISATION, AREA and TIME PERIOD",
2017,Camp,Jenin,"Proportion of population using safely managed drinking water services, by urban/rural (%) by URBANISATION, AREA and TIME PERIOD",
2019,Camp,Jenin,"Proportion of population using safely managed drinking water services, by urban/rural (%) by URBANISATION, AREA and TIME PERIOD",
2010,Camp,Tubas & Northern Valleys,"Proportion of population using safely managed drinking water services, by urban/rural (%) by URBANISATION, AREA and TIME PERIOD",
2014,Camp,Tubas & Northern Valleys,"Proportion of population using safely managed drinking water services, by urban/rural (%) by URBANISATION, AREA and TIME PERIOD",
2017,Camp,Tubas & Northern Valleys,"Proportion of population using safely managed drinking water services, by urban/rural (%) by URBANISATION, AREA and TIME PERIOD",
2019,Camp,Tubas & Northern Valleys,"Proportion of population using safely managed drinking water services, by urban/rural (%) by URBANISATION, AREA and TIME PERIOD",
2010,Camp,Tulkarm,"Proportion of population using safely managed drinking water services, by urban/rural (%) by URBANISATION, AREA and TIME PERIOD",
2014,Camp,Tulkarm,"Proportion of population using safely managed drinking water services, by urban/rural (%) by URBANISATION, AREA and TIME PERIOD",
2017,Camp,Tulkarm,"Proportion of population using safely managed drinking water services, by urban/rural (%) by URBANISATION, AREA and TIME PERIOD",
2019,Camp,Tulkarm,"Proportion of population using safely managed drinking water services, by urban/rural (%) by URBANISATION, AREA and TIME PERIOD",
2010,Camp,Nablus,"Proportion of population using safely managed drinking water services, by urban/rural (%) by URBANISATION, AREA and TIME PERIOD",
2014,Camp,Nablus,"Proportion of population using safely managed drinking water services, by urban/rural (%) by URBANISATION, AREA and TIME PERIOD",
2017,Camp,Nablus,"Proportion of population using safely managed drinking water services, by urban/rural (%) by URBANISATION, AREA and TIME PERIOD",
2019,Camp,Nablus,"Proportion of population using safely managed drinking water services, by urban/rural (%) by URBANISATION, AREA and TIME PERIOD",
2010,Camp,Qalqiliya,"Proportion of population using safely managed drinking water services, by urban/rural (%) by URBANISATION, AREA and TIME PERIOD",
2014,Camp,Qalqiliya,"Proportion of population using safely managed drinking water services, by urban/rural (%) by URBANISATION, AREA and TIME PERIOD",
2017,Camp,Qalqiliya,"Proportion of population using safely managed drinking water services, by urban/rural (%) by URBANISATION, AREA and TIME PERIOD",
2019,Camp,Qalqiliya,"Proportion of population using safely managed drinking water services, by urban/rural (%) by URBANISATION, AREA and TIME PERIOD",
2010,Camp,Salfit,"Proportion of population using safely managed drinking water services, by urban/rural (%) by URBANISATION, AREA and TIME PERIOD",
2014,Camp,Salfit,"Proportion of population using safely managed drinking water services, by urban/rural (%) by URBANISATION, AREA and TIME PERIOD",
2017,Camp,Salfit,"Proportion of population using safely managed drinking water services, by urban/rural (%) by URBANISATION, AREA and TIME PERIOD",
2019,Camp,Salfit,"Proportion of population using safely managed drinking water services, by urban/rural (%) by URBANISATION, AREA and TIME PERIOD",
2010,Camp,Ramallah & Al-Bireh,"Proportion of population using safely managed drinking water services, by urban/rural (%) by URBANISATION, AREA and TIME PERIOD",
2014,Camp,Ramallah & Al-Bireh,"Proportion of population using safely managed drinking water services, by urban/rural (%) by URBANISATION, AREA and TIME PERIOD",
2017,Camp,Ramallah & Al-Bireh,"Proportion of population using safely managed drinking water services, by urban/rural (%) by URBANISATION, AREA and TIME PERIOD",
2019,Camp,Ramallah & Al-Bireh,"Proportion of population using safely managed drinking water services, by urban/rural (%) by URBANISATION, AREA and TIME PERIOD",
2010,Camp,Jericho & AL Aghwar,"Proportion of population using safely managed drinking water services, by urban/rural (%) by URBANISATION, AREA and TIME PERIOD",
2014,Camp,Jericho & AL Aghwar,"Proportion of population using safely managed drinking water services, by urban/rural (%) by URBANISATION, AREA and TIME PERIOD",
2017,Camp,Jericho & AL Aghwar,"Proportion of population using safely managed drinking water services, by urban/rural (%) by URBANISATION, AREA and TIME PERIOD",
2019,Camp,Jericho & AL Aghwar,"Proportion of population using safely managed drinking water services, by urban/rural (%) by URBANISATION, AREA and TIME PERIOD",
2010,Camp,Jerusalem,"Proportion of population using safely managed drinking water services, by urban/rural (%) by URBANISATION, AREA and TIME PERIOD",
2014,Camp,Jerusalem,"Proportion of population using safely managed drinking water services, by urban/rural (%) by URBANISATION, AREA and TIME PERIOD",
2017,Camp,Jerusalem,"Proportion of population using safely managed drinking water services, by urban/rural (%) by URBANISATION, AREA and TIME PERIOD",
2019,Camp,Jerusalem,"Proportion of population using safely managed drinking water services, by urban/rural (%) by URBANISATION, AREA and TIME PERIOD",
2010,Camp,Bethlehem,"Proportion of population using safely managed drinking water services, by urban/rural (%) by URBANISATION, AREA and TIME PERIOD",
2014,Camp,Bethlehem,"Proportion of population using safely managed drinking water services, by urban/rural (%) by URBANISATION, AREA and TIME PERIOD",
2017,Camp,Bethlehem,"Proportion of population using safely managed drinking water services, by urban/rural (%) by URBANISATION, AREA and TIME PERIOD",
2019,Camp,Bethlehem,"Proportion of population using safely managed drinking water services, by urban/rural (%) by URBANISATION, AREA and TIME PERIOD",
2010,Camp,Hebron,"Proportion of population using safely managed drinking water services, by urban/rural (%) by URBANISATION, AREA and TIME PERIOD",
2014,Camp,Hebron,"Proportion of population using safely managed drinking water services, by urban/rural (%) by URBANISATION, AREA and TIME PERIOD",
2017,Camp,Hebron,"Proportion of population using safely managed drinking water services, by urban/rural (%) by URBANISATION, AREA and TIME PERIOD",
2019,Camp,Hebron,"Proportion of population using safely managed drinking water services, by urban/rural (%) by URBANISATION, AREA and TIME PERIOD",
2010,Camp,North Gaza,"Proportion of population using safely managed drinking water services, by urban/rural (%) by URBANISATION, AREA and TIME PERIOD",
2014,Camp,North Gaza,"Proportion of population using safely managed drinking water services, by urban/rural (%) by URBANISATION, AREA and TIME PERIOD",
2017,Camp,North Gaza,"Proportion of population using safely managed drinking water services, by urban/rural (%) by URBANISATION, AREA and TIME PERIOD",
2019,Camp,North Gaza,"Proportion of population using safely managed drinking water services, by urban/rural (%) by URBANISATION, AREA and TIME PERIOD",
2010,Camp,Gaza,"Proportion of population using safely managed drinking water services, by urban/rural (%) by URBANISATION, AREA and TIME PERIOD",
2014,Camp,Gaza,"Proportion of population using safely managed drinking water services, by urban/rural (%) by URBANISATION, AREA and TIME PERIOD",
2017,Camp,Gaza,"Proportion of population using safely managed drinking water services, by urban/rural (%) by URBANISATION, AREA and TIME PERIOD",
2019,Camp,Gaza,"Proportion of population using safely managed drinking water services, by urban/rural (%) by URBANISATION, AREA and TIME PERIOD",
2010,Camp,Dier Al-Balah,"Proportion of population using safely managed drinking water services, by urban/rural (%) by URBANISATION, AREA and TIME PERIOD",
2014,Camp,Dier Al-Balah,"Proportion of population using safely managed drinking water services, by urban/rural (%) by URBANISATION, AREA and TIME PERIOD",
2017,Camp,Dier Al-Balah,"Proportion of population using safely managed drinking water services, by urban/rural (%) by URBANISATION, AREA and TIME PERIOD",
2019,Camp,Dier Al-Balah,"Proportion of population using safely managed drinking water services, by urban/rural (%) by URBANISATION, AREA and TIME PERIOD",
2010,Camp,Khan Yunis,"Proportion of population using safely managed drinking water services, by urban/rural (%) by URBANISATION, AREA and TIME PERIOD",
2014,Camp,Khan Yunis,"Proportion of population using safely managed drinking water services, by urban/rural (%) by URBANISATION, AREA and TIME PERIOD",
2017,Camp,Khan Yunis,"Proportion of population using safely managed drinking water services, by urban/rural (%) by URBANISATION, AREA and TIME PERIOD",
2019,Camp,Khan Yunis,"Proportion of population using safely managed drinking water services, by urban/rural (%) by URBANISATION, AREA and TIME PERIOD",
2010,Camp,Rafah,"Proportion of population using safely managed drinking water services, by urban/rural (%) by URBANISATION, AREA and TIME PERIOD",
2014,Camp,Rafah,"Proportion of population using safely managed drinking water services, by urban/rural (%) by URBANISATION, AREA and TIME PERIOD",
2017,Camp,Rafah,"Proportion of population using safely managed drinking water services, by urban/rural (%) by URBANISATION, AREA and TIME PERIOD",
2019,Camp,Rafah,"Proportion of population using safely managed drinking water services, by urban/rural (%) by URBANISATION, AREA and TIME PERIOD",
